Pier Luigi Bersani+AHw-Chiedimi chi erano i Beatles. I giovani, la politica, la storia+AHw-/Chiedimi+AC0-Beatles+AC0-giovani+AC0-politica+AC0-storia/dp/8817188387/ref+AD0-zg+AF8-bs+AF8-g+AF8-508811031+AF8-d+AF8-sccl+AF8-1/258+AC0-5654327+AC0-7340455?psc+AD0-1+AHw-8817188387+AHw-0+AHw-+AHw-+AHw-+AHw-+AHw-+AHw-+AHw-+AHw-+AHw-
Tzu Sun+AHw-L'arte della guerra+AHw-/Larte+AC0-della+AC0-guerra+AC0-Tzu+AC0-Sun/dp/8807900521/ref+AD0-zg+AF8-bs+AF8-g+AF8-508811031+AF8-d+AF8-sccl+AF8-2/258+AC0-5654327+AC0-7340455?psc+AD0-1+AHw-8807900521+AHw-446+AHw-+AHw-+AHw-+AHw-+AHw-+AHw-+AHw-+AHw-+AHw-
Simone Guida+AHw-L'inganno dei confini. Come la geografia governa il mondo+AHw-/Linganno+AC0-confini+AC0-geografia+AC0-governa+AC0-mondo/dp/8858053907/ref+AD0-zg+AF8-bs+AF8-g+AF8-508811031+AF8-d+AF8-sccl+AF8-3/258+AC0-5654327+AC0-7340455?psc+AD0-1+AHw-8858053907+AHw-1+AHw-+AHw-+AHw-+AHw-+AHw-+AHw-+AHw-+AHw-+AHw-
Alessandro Orsini+AHw-Casa Bianca+AC0-Italia. La corruzione dell'informazione di uno Stato satellite+AHw-/Bianca+AC0-Italia+AC0-corruzione+AC0-dellinformazione+AC0-Stato+AC0-satellite/dp/B0DPJJVD32/ref+AD0-zg+AF8-bs+AF8-g+AF8-508811031+AF8-d+AF8-sccl+AF8-4/258+AC0-5654327+AC0-7340455?psc+AD0-1+AHw-B0DPJJVD32+AHw-63+AHw-+AHw-+AHw-+AHw-+AHw-+AHw-+AHw-+AHw-+AHw-
Antonio Albanese+AHw-La strada giovane+AHw-/strada+AC0-giovane+AC0-Antonio+AC0-Albanese/dp/8807036525/ref+AD0-zg+AF8-bs+AF8-g+AF8-508811031+AF8-d+AF8-sccl+AF8-5/258+AC0-5654327+AC0-7340455?psc+AD0-1+AHw-8807036525+AHw-39+AHw-+AHw-+AHw-+AHw-+AHw-+AHw-+AHw-+AHw-+AHw-
J.D. Vance+AHw-Elegia americana+AHw-/Elegia+AC0-americana+AC0-J+AC0-D+AC0-Vance+AC0-ebook/dp/B01N3CYKW1/ref+AD0-zg+AF8-bs+AF8-g+AF8-508811031+AF8-d+AF8-sccl+AF8-6/258+AC0-5654327+AC0-7340455?psc+AD0-1+AHw-B01N3CYKW1+AHw-85+AHw-+AHw-+AHw-+AHw-+AHw-+AHw-+AHw-+AHw-+AHw-
AA.VV.+AHw-Concorso Polizia di Stato +AC0- 4617 Allievi Agenti +AC0- Manuale completo per la preparazione alle prove scritte per i Civili e per i VFP1/VFP4+AHw-/Concorso+AC0-Polizia+AC0-Stato+AC0-completo+AC0-preparazione/dp/8850503717/ref+AD0-zg+AF8-bs+AF8-g+AF8-508811031+AF8-d+AF8-sccl+AF8-7/258+AC0-5654327+AC0-7340455?psc+AD0-1+AHw-8850503717+AHw-0+AHw-+AHw-+AHw-+AHw-+AHw-+AHw-+AHw-+AHw-+AHw-
AA.VV.+AHw-Concorso INPS 2025 Assistenti +AC0- Manuale per la preparazione al concorso +AC0- Teoria e Quiz+AHw-/Concorso+AC0-INPS+AC0-2025+AC0-Assistenti+AC0-preparazione/dp/8891442631/ref+AD0-zg+AF8-bs+AF8-g+AF8-508811031+AF8-d+AF8-sccl+AF8-8/258+AC0-5654327+AC0-7340455?psc+AD0-1+AHw-8891442631+AHw-0+AHw-+AHw-+AHw-+AHw-+AHw-+AHw-+AHw-+AHw-+AHw-
Alfio Caruso+AHw-Incursori del re. La vera storia della X MAS+AHw-/Incursori+AC0-del+AC0-vera+AC0-storia+AC0-della/dp/8854530557/ref+AD0-zg+AF8-bs+AF8-g+AF8-508811031+AF8-d+AF8-sccl+AF8-9/258+AC0-5654327+AC0-7340455?psc+AD0-1+AHw-8854530557+AHw-3+AHw-+AHw-+AHw-+AHw-+AHw-+AHw-+AHw-+AHw-+AHw-
Antonio Padellaro+AHw-Antifascisti immaginari+AHw-/Antifascisti+AC0-immaginari+AC0-Antonio+AC0-Padellaro/dp/B0DMGV3S36/ref+AD0-zg+AF8-bs+AF8-g+AF8-508811031+AF8-d+AF8-sccl+AF8-10/258+AC0-5654327+AC0-7340455?psc+AD0-1+AHw-B0DMGV3S36+AHw-0+AHw-+AHw-+AHw-+AHw-+AHw-+AHw-+AHw-+AHw-+AHw-
ROBERTO VANNACCI+AHw-IL MONDO AL CONTRARIO+AHw-/MONDO+AC0-AL+AC0-CONTRARIO+AC0-ROBERTO+AC0-VANNACCI/dp/B0CF4BJN3D/ref+AD0-zg+AF8-bs+AF8-g+AF8-508811031+AF8-d+AF8-sccl+AF8-11/258+AC0-5654327+AC0-7340455?psc+AD0-1+AHw-B0CF4BJN3D+AHw-3311+AHw-5 stelle+AHw-261+AHw-4 stelle+AHw-84+AHw-3 stelle+AHw-37+AHw-2 stelle+AHw-167+AHw-1 stella
AA.VV.+AHw-Concorso 1435 DSGA +AC0- Direttori dei Servizi Generali e Amministrativi +AC0- La Prova Orale+AHw-/Concorso+AC0-1435+AC0-DSGA+AC0-Direttori+AC0-Amministrativi/dp/8891442763/ref+AD0-zg+AF8-bs+AF8-g+AF8-508811031+AF8-d+AF8-sccl+AF8-12/258+AC0-5654327+AC0-7340455?psc+AD0-1+AHw-8891442763+AHw-0+AHw-+AHw-+AHw-+AHw-+AHw-+AHw-+AHw-+AHw-+AHw-
AA.VV.+AHw-Concorsi Istruttore e Collaboratore Professionale +AC0- Enti Locali Area amministrativa degli Istruttori e degli Operatori esperti +AC0- Teoria e Quiz per la prova preselettiva, scritta e orale+AHw-/Concorsi+AC0-Istruttore+AC0-Collaboratore+AC0-Professionale+AC0-amministrativa/dp/8891442348/ref+AD0-zg+AF8-bs+AF8-g+AF8-508811031+AF8-d+AF8-sccl+AF8-13/258+AC0-5654327+AC0-7340455?psc+AD0-1+AHw-8891442348+AHw-0+AHw-+AHw-+AHw-+AHw-+AHw-+AHw-+AHw-+AHw-+AHw-
Giada Messetti+AHw-La Cina +//3//Q- un'aragosta. Come sta cambiando il gigante asiatico+AHw-/Cina+AC0-unaragosta+AC0-cambiando+AC0-gigante+AC0-asiatico/dp/8804789484/ref+AD0-zg+AF8-bs+AF8-g+AF8-508811031+AF8-d+AF8-sccl+AF8-14/258+AC0-5654327+AC0-7340455?psc+AD0-1+AHw-8804789484+AHw-11+AHw-+AHw-+AHw-+AHw-+AHw-+AHw-+AHw-+AHw-+AHw-
AA.VV.+AHw-Concorsi Collaboratore e Assistente Amministrativo Aziende Sanitarie Locali +//3//f/9- Manuale per la preparazione con modelli di atti e modulistica+AHw-/Concorsi+AC0-Collaboratore+AC0-Assistente+AC0-Amministrativo+AC0-Sanitarie/dp/8891439495/ref+AD0-zg+AF8-bs+AF8-g+AF8-508811031+AF8-d+AF8-sccl+AF8-15/258+AC0-5654327+AC0-7340455?psc+AD0-1+AHw-8891439495+AHw-0+AHw-+AHw-+AHw-+AHw-+AHw-+AHw-+AHw-+AHw-+AHw-
Anna Momigliano+AHw-Fondato sulla sabbia. Un viaggio nel futuro di Israele+AHw-/Fondato+AC0-sabbia+AC0-viaggio+AC0-futuro+AC0-Israele/dp/8811014050/ref+AD0-zg+AF8-bs+AF8-g+AF8-508811031+AF8-d+AF8-sccl+AF8-16/258+AC0-5654327+AC0-7340455?psc+AD0-1+AHw-8811014050+AHw-0+AHw-+AHw-+AHw-+AHw-+AHw-+AHw-+AHw-+AHw-+AHw-
Umberto Eco+AHw-Il fascismo eterno+AHw-/fascismo+AC0-eterno+AC0-Umberto+AC0-Eco/dp/8893442418/ref+AD0-zg+AF8-bs+AF8-g+AF8-508811031+AF8-d+AF8-sccl+AF8-17/258+AC0-5654327+AC0-7340455?psc+AD0-1+AHw-8893442418+AHw-235+AHw-5 stelle+AHw-+AHw-+AHw-+AHw-+AHw-+AHw-+AHw-+AHw-
Marco Travaglio+AHw-Israele e i palestinesi in poche parole+AHw-/Israele+AC0-i+AC0-palestinesi+AC0-poche+AC0-parole/dp/B0CLML6FM8/ref+AD0-zg+AF8-bs+AF8-g+AF8-508811031+AF8-d+AF8-sccl+AF8-18/258+AC0-5654327+AC0-7340455?psc+AD0-1+AHw-B0CLML6FM8+AHw-151+AHw-5 stelle+AHw-+AHw-+AHw-+AHw-+AHw-+AHw-+AHw-+AHw-
Bertram Rosenberg Marshall+AHw-Le parole sono finestre (oppure muri). Introduzione alla comunicazione nonviolenta+AHw-/parole+AC0-finestre+AC0-Introduzione+AC0-comunicazione+AC0-nonviolenta/dp/8896985625/ref+AD0-zg+AF8-bs+AF8-g+AF8-508811031+AF8-d+AF8-sccl+AF8-19/258+AC0-5654327+AC0-7340455?psc+AD0-1+AHw-8896985625+AHw-163+AHw-5 stelle+AHw-+AHw-+AHw-+AHw-+AHw-+AHw-+AHw-+AHw-
AA.VV.+AHw-Costituzione della Repubblica Italiana +AC0- Testo integrale aggiornato alla legge costituzionale 26 settembre 2023, n. 1 in materia di attivit+//3//Q- sportiva+AHw-/Costituzione+AC0-della+AC0-Repubblica+AC0-Italiana+AC0-costituzionale/dp/8891438340/ref+AD0-zg+AF8-bs+AF8-g+AF8-508811031+AF8-d+AF8-sccl+AF8-20/258+AC0-5654327+AC0-7340455?psc+AD0-1+AHw-8891438340+AHw-ok+AHw-+AHw-+AHw-+AHw-+AHw-+AHw-+AHw-+AHw-+AHw-
Antonio Scurati+AHw-M. L'uomo della provvidenza+AHw-/Luomo+AC0-della+AC0-provvidenza+AC0-Antonio+AC0-Scurati/dp/8830104957/ref+AD0-zg+AF8-bs+AF8-g+AF8-508811031+AF8-d+AF8-sccl+AF8-21/258+AC0-5654327+AC0-7340455?psc+AD0-1+AHw-8830104957+AHw-120+AHw-5 stelle+AHw-+AHw-+AHw-+AHw-+AHw-+AHw-+AHw-+AHw-
Marcello Foa+AHw-La societ+//3//Q- del ricatto. E come difendersi+AHw-/societ+ACU-C3+ACU-A0+AC0-del+AC0-ricatto+AC0-come+AC0-difendersi/dp/8862509502/ref+AD0-zg+AF8-bs+AF8-g+AF8-508811031+AF8-d+AF8-sccl+AF8-22/258+AC0-5654327+AC0-7340455?psc+AD0-1+AHw-8862509502+AHw-0+AHw-+AHw-+AHw-+AHw-+AHw-+AHw-+AHw-+AHw-+AHw-
Steven Levitsky+AHw-Come muoiono le democrazie+AHw-/Come+AC0-muoiono+AC0-democrazie+AC0-Steven+AC0-Levitsky/dp/8858142675/ref+AD0-zg+AF8-bs+AF8-g+AF8-508811031+AF8-d+AF8-sccl+AF8-23/258+AC0-5654327+AC0-7340455?psc+AD0-1+AHw-8858142675+AHw-0+AHw-+AHw-+AHw-+AHw-+AHw-+AHw-+AHw-+AHw-+AHw-
Marco Travaglio+AHw-Ucraina, Russia e Nato in poche parole+AHw-/conflitto+AC0-ucraino+AC0-poche+AC0-parole/dp/B0CTS4LK18/ref+AD0-zg+AF8-bs+AF8-g+AF8-508811031+AF8-d+AF8-sccl+AF8-24/258+AC0-5654327+AC0-7340455?psc+AD0-1+AHw-B0CTS4LK18+AHw-ok+AHw-+AHw-+AHw-+AHw-+AHw-+AHw-+AHw-+AHw-+AHw-
Alessandro Sallusti+AHw-L'eresia liberale+AHw-/Leresia+AC0-liberale+AC0-Breviario+AC0-conservatore+AC0-buonsenso/dp/8817173436/ref+AD0-zg+AF8-bs+AF8-g+AF8-508811031+AF8-d+AF8-sccl+AF8-25/258+AC0-5654327+AC0-7340455?psc+AD0-1+AHw-8817173436+AHw-ok+AHw-+AHw-+AHw-+AHw-+AHw-+AHw-+AHw-+AHw-+AHw-
Gianfredo Ruggiero+AHw-LIBERATORI SENZA GLORIA: I crimini alleati e le stragi partigiane: 5+AHw-/LIBERATORI+AC0-SENZA+AC0-GLORIA+AC0-crimini+AC0-partigiane/dp/1798606364/ref+AD0-zg+AF8-bs+AF8-g+AF8-508811031+AF8-d+AF8-sccl+AF8-26/258+AC0-5654327+AC0-7340455?psc+AD0-1+AHw-1798606364+AHw-ok+AHw-+AHw-+AHw-+AHw-+AHw-+AHw-+AHw-+AHw-+AHw-
Robert Greene+AHw-Le 48 leggi del potere+AHw-/48+AC0-leggi+AC0-del+AC0-potere/dp/8893881284/ref+AD0-zg+AF8-bs+AF8-g+AF8-508811031+AF8-d+AF8-sccl+AF8-27/258+AC0-5654327+AC0-7340455?psc+AD0-1+AHw-8893881284+AHw-fatto+AHw-+AHw-+AHw-+AHw-+AHw-+AHw-+AHw-+AHw-+AHw-
Breaking Italy+AHw-2040 VentiQuaranta. Stati Uniti, democrazia in bilico+AHw-/2040+AC0-VentiQuaranta+AC0-Uniti+AC0-Democrazia+AC0-bilico/dp/8804772999/ref+AD0-zg+AF8-bs+AF8-g+AF8-508811031+AF8-d+AF8-sccl+AF8-28/258+AC0-5654327+AC0-7340455?psc+AD0-1+AHw-8804772999+AHw-189+AHw-5 stelle+AHw-+AHw-+AHw-+AHw-+AHw-+AHw-+AHw-+AHw-
Claudio Borghi Aquilini+AHw-Vent'anni di sovranismo. Dall'euro a Trump+AHw-/Ventanni+AC0-sovranismo+AC0-Dalleuro+AC0-Claudio+AC0-Aquilini/dp/886250957X/ref+AD0-zg+AF8-bs+AF8-g+AF8-508811031+AF8-d+AF8-sccl+AF8-29/258+AC0-5654327+AC0-7340455?psc+AD0-1+AHw-886250957X+AHw-0+AHw-+AHw-+AHw-+AHw-+AHw-+AHw-+AHw-+AHw-+AHw-
Jianwei Xun+AHw-Ipnocrazia. Trump, Musk e la nuova architettura della realt+//3//Q-+AHw-/Ipnocrazia+AC0-Trump+AC0-nuova+AC0-architettura+AC0-realt+ACU-C3+ACU-A0/dp/B0DP1JD4XD/ref+AD0-zg+AF8-bs+AF8-g+AF8-508811031+AF8-d+AF8-sccl+AF8-30/258+AC0-5654327+AC0-7340455?psc+AD0-1+AHw-B0DP1JD4XD+AHw-fatto+AHw-+AHw-+AHw-+AHw-+AHw-+AHw-+AHw-+AHw-+AHw-
Francesco Micheli+AHw-Il capitalista riluttante. Confessioni dal cuore del potere+AHw-/capitalista+AC0-riluttante+AC0-Confessioni+AC0-cuore+AC0-potere/dp/8828216484/ref+AD0-zg+AF8-bs+AF8-g+AF8-508811031+AF8-d+AF8-sccl+AF8-31/258+AC0-5654327+AC0-7340455?psc+AD0-1+AHw-8828216484+AHw-fatto+AHw-+AHw-+AHw-+AHw-+AHw-+AHw-+AHw-+AHw-+AHw-
Giuseppe Culicchia+AHw-Uccidere un fascista. Sergio Ramelli, una vita spezzata dall'odio+AHw-/Uccidere+AC0-fascista+AC0-Ramelli+AC0-spezzata+AC0-dallodio/dp/8804761350/ref+AD0-zg+AF8-bs+AF8-g+AF8-508811031+AF8-d+AF8-sccl+AF8-32/258+AC0-5654327+AC0-7340455?psc+AD0-1+AHw-8804761350+AHw-fatto+AHw-+AHw-+AHw-+AHw-+AHw-+AHw-+AHw-+AHw-+AHw-
Michela Ponzani+AHw-Donne che resistono. Le Fosse Ardeatine dal massacro alla memoria (1944+AC0-2025)+AHw-/resistono+AC0-Ardeatine+AC0-massacro+AC0-memoria+AC0-1944+AC0-2025/dp/8806267736/ref+AD0-zg+AF8-bs+AF8-g+AF8-508811031+AF8-d+AF8-sccl+AF8-33/258+AC0-5654327+AC0-7340455?psc+AD0-1+AHw-8806267736+AHw-0+AHw-+AHw-+AHw-+AHw-+AHw-+AHw-+AHw-+AHw-+AHw-
AA. VV.+AHw-Concorso INPS per assistenti diplomati. Manuale teoria e quiz 2025. Con simulatore online+AHw-/Concorso+AC0-assistenti+AC0-diplomati+AC0-Manuale+AC0-simulatore/dp/B0F5BH8SXM/ref+AD0-zg+AF8-bs+AF8-g+AF8-508811031+AF8-d+AF8-sccl+AF8-34/258+AC0-5654327+AC0-7340455?psc+AD0-1+AHw-B0F5BH8SXM+AHw-0+AHw-+AHw-+AHw-+AHw-+AHw-+AHw-+AHw-+AHw-+AHw-
Emilio Mola+AHw-Dentro il grande gioco. Orientarsi nel caos degli equilibri internazionali. Fra Storia, guerre e scenari futuri+AHw-/Dentro+AC0-Orientarsi+AC0-equilibri+AC0-internazionali+AC0-scenari/dp/8817189782/ref+AD0-zg+AF8-bs+AF8-g+AF8-508811031+AF8-d+AF8-sccl+AF8-35/258+AC0-5654327+AC0-7340455?psc+AD0-1+AHw-8817189782+AHw-fatto+AHw-+AHw-+AHw-+AHw-+AHw-+AHw-+AHw-+AHw-+AHw-
Luciano Canfora+AHw-Il testamento di Lenin. Storia segreta di una lettera non spedita+AHw-/testamento+AC0-Lenin+AC0-segreta+AC0-lettera+AC0-spedita/dp/B0DVWZPF3M/ref+AD0-zg+AF8-bs+AF8-g+AF8-508811031+AF8-d+AF8-sccl+AF8-36/258+AC0-5654327+AC0-7340455?psc+AD0-1+AHw-B0DVWZPF3M+AHw-0+AHw-+AHw-+AHw-+AHw-+AHw-+AHw-+AHw-+AHw-+AHw-
Rula Jebreal+AHw-Genocidio. Quello che rimane di noi nell'era neo+AC0-imperiale+AHw-/Genocidio+AC0-Quello+AC0-rimane+AC0-nellera+AC0-neo+AC0-imperiale/dp/8856699931/ref+AD0-zg+AF8-bs+AF8-g+AF8-508811031+AF8-d+AF8-sccl+AF8-37/258+AC0-5654327+AC0-7340455?psc+AD0-1+AHw-8856699931+AHw-0+AHw-+AHw-+AHw-+AHw-+AHw-+AHw-+AHw-+AHw-+AHw-
Federico Rampini+AHw-Il gioco del potere+AHw-/rete+AC0-dellinganno+AC0-Federico+AC0-Rampini/dp/8804790342/ref+AD0-zg+AF8-bs+AF8-g+AF8-508811031+AF8-d+AF8-sccl+AF8-38/258+AC0-5654327+AC0-7340455?psc+AD0-1+AHw-8804790342+AHw-fatto+AHw-+AHw-+AHw-+AHw-+AHw-+AHw-+AHw-+AHw-+AHw-
AA. VV.+AHw-Concorso 350 Funzionari giuridico+AC0-tributari Agenzia Delle Entrate. Manuale di teoria e quiz con simulatore online con approfondimento su fiscalit+//3//Q- ... in inglese. Con software di simulazione+AHw-/Funzionari+AC0-giuridico+AC0-tributari+AC0-simulatore+AC0-approfondimento+AC0-simulazione/dp/B0F5X9ZDF3/ref+AD0-zg+AF8-bs+AF8-g+AF8-508811031+AF8-d+AF8-sccl+AF8-39/258+AC0-5654327+AC0-7340455?psc+AD0-1+AHw-B0F5X9ZDF3+AHw-0+AHw-+AHw-+AHw-+AHw-+AHw-+AHw-+AHw-+AHw-+AHw-
Luis Elizondo+AHw-Imminent. I segreti del pentagono sulla caccia agli ufo+AHw-/Imminent+AC0-segreti+AC0-pentagono+AC0-sulla+AC0-caccia/dp/B0DQFHXCXD/ref+AD0-zg+AF8-bs+AF8-g+AF8-508811031+AF8-d+AF8-sccl+AF8-40/258+AC0-5654327+AC0-7340455?psc+AD0-1+AHw-B0DQFHXCXD+AHw-fatto+AHw-+AHw-+AHw-+AHw-+AHw-+AHw-+AHw-+AHw-+AHw-
Erika Fatland+AHw-Sovietistan: Un viaggio in Asia centrale+AHw-/Sovietistan+AC0-viaggio+AC0-centrale+AC0-Erika+AC0-Fatland+AC0-ebook/dp/B076H8MFMJ/ref+AD0-zg+AF8-bs+AF8-g+AF8-508811031+AF8-d+AF8-sccl+AF8-41/258+AC0-5654327+AC0-7340455?psc+AD0-1+AHw-B076H8MFMJ+AHw-99+AHw-5 stelle+AHw-+AHw-+AHw-+AHw-+AHw-+AHw-+AHw-+AHw-
Arendt+AHw-La banalit+//3//Q- del male+AHw-/banalit+ACU-C3+ACU-A0+AC0-del+AC0-male+AC0-Arendt/dp/8807897458/ref+AD0-zg+AF8-bs+AF8-g+AF8-508811031+AF8-d+AF8-sccl+AF8-42/258+AC0-5654327+AC0-7340455?psc+AD0-1+AHw-8807897458+AHw-230+AHw-5  stelle+AHw-+AHw-+AHw-+AHw-+AHw-+AHw-+AHw-+AHw-
AA.VV.+AHw-Concorso INPS 2025 +AC0- Assistenti. Manuale completo con Teoria e Test+AHw-/Concorso+AC0-INPS+AC0-2025+AC0-Assistenti+AC0-completo/dp/8891675792/ref+AD0-zg+AF8-bs+AF8-g+AF8-508811031+AF8-d+AF8-sccl+AF8-43/258+AC0-5654327+AC0-7340455?psc+AD0-1+AHw-8891675792+AHw-0+AHw-+AHw-+AHw-+AHw-+AHw-+AHw-+AHw-+AHw-+AHw-
Matteo Renzi+AHw-L'influencer+AHw-/Linfluencer+AC0-Matteo+AC0-Renzi/dp/B0DSM2GLDK/ref+AD0-zg+AF8-bs+AF8-g+AF8-508811031+AF8-d+AF8-sccl+AF8-44/258+AC0-5654327+AC0-7340455?psc+AD0-1+AHw-B0DSM2GLDK+AHw-fatto+AHw-+AHw-+AHw-+AHw-+AHw-+AHw-+AHw-+AHw-+AHw-
AA.VV.+AHw-Concorsi Collaboratore e Assistente Amministrativo Aziende Sanitarie Locali (ASL) +//3//f/9- Quiz Commentati con Appendice di atti e modulistica per la prova pratica+AHw-/Concorsi+AC0-Collaboratore+AC0-Assistente+AC0-Amministrativo+AC0-Sanitarie/dp/8891440477/ref+AD0-zg+AF8-bs+AF8-g+AF8-508811031+AF8-d+AF8-sccl+AF8-45/258+AC0-5654327+AC0-7340455?psc+AD0-1+AHw-8891440477+AHw-0+AHw-+AHw-+AHw-+AHw-+AHw-+AHw-+AHw-+AHw-+AHw-
Francesca Albanese+AHw-J'accuse+AHw-/Jaccuse+AC0-Francesca+AC0-Albanese/dp/B0CB237DYY/ref+AD0-zg+AF8-bs+AF8-g+AF8-508811031+AF8-d+AF8-sccl+AF8-46/258+AC0-5654327+AC0-7340455?psc+AD0-1+AHw-B0CB237DYY+AHw-fatto+AHw-+AHw-+AHw-+AHw-+AHw-+AHw-+AHw-+AHw-+AHw-
Dario Fabbri+AHw-Geopolitica umana. Capire il mondo dalle civilt+//3//Q- antiche alle potenze odierne+AHw-/Geopolitica+AC0-civilt+ACU-C3+ACU-A0+AC0-antiche+AC0-potenze+AC0-odierne/dp/8858043057/ref+AD0-zg+AF8-bs+AF8-g+AF8-508811031+AF8-d+AF8-sccl+AF8-47/258+AC0-5654327+AC0-7340455?psc+AD0-1+AHw-8858043057+AHw-fatto+AHw-+AHw-+AHw-+AHw-+AHw-+AHw-+AHw-+AHw-+AHw-
Pier Paolo Pasolini+AHw-Il fascismo degli antifascisti+AHw-/fascismo+AC0-degli+AC0-antifascisti+AC0-Paolo+AC0-Pasolini/dp/8811603692/ref+AD0-zg+AF8-bs+AF8-g+AF8-508811031+AF8-d+AF8-sccl+AF8-48/258+AC0-5654327+AC0-7340455?psc+AD0-1+AHw-8811603692+AHw-fatto+AHw-+AHw-+AHw-+AHw-+AHw-+AHw-+AHw-+AHw-+AHw-
Gustave Le Bon+AHw-Psicologia delle folle+AHw-/Psicologia+AC0-delle+AC0-folle+AC0-Gustave+AC0-Bon/dp/8897109705/ref+AD0-zg+AF8-bs+AF8-g+AF8-508811031+AF8-d+AF8-sccl+AF8-49/258+AC0-5654327+AC0-7340455?psc+AD0-1+AHw-8897109705+AHw-fatto+AHw-+AHw-+AHw-+AHw-+AHw-+AHw-+AHw-+AHw-+AHw-
AA. VV.+AHw-Concorso Ministero della Giustizia. 1000 autisti. Manuale  quiz per il concorso 2024. Con espansione online+AHw-/Concorso+AC0-Ministero+AC0-Giustizia+AC0-autisti+AC0-espansione/dp/8833588270/ref+AD0-zg+AF8-bs+AF8-g+AF8-508811031+AF8-d+AF8-sccl+AF8-50/258+AC0-5654327+AC0-7340455?psc+AD0-1+AHw-8833588270+AHw-0+AHw-+AHw-+AHw-+AHw-+AHw-+AHw-+AHw-+AHw-+AHw-
Gustave Le Bon+AHw-Psicologia delle Folle: il pi+//3//Q- antico manuale sulla manipolazione mentale di massa, con una nuova espansione sulle folle digitali+AHw-/Psicologia+AC0-delle+AC0-Folle+AC0-manipolazione+AC0-espansione/dp/B09MYSV86T/ref+AD0-zg+AF8-bs+AF8-g+AF8-508811031+AF8-d+AF8-sccl+AF8-1/258+AC0-5654327+AC0-7340455?psc+AD0-1+AHw-B09MYSV86T+AHw-fatto+AHw-+AHw-+AHw-+AHw-+AHw-+AHw-+AHw-+AHw-+AHw-
Karl Marx+AHw-Il capitale (eNewton Classici)+AHw-/capitale+AC0-eNewton+AC0-Classici+AC0-Karl+AC0-Marx+AC0-ebook/dp/B00DJ2KYQQ/ref+AD0-zg+AF8-bs+AF8-g+AF8-508811031+AF8-d+AF8-sccl+AF8-2/258+AC0-5654327+AC0-7340455?psc+AD0-1+AHw-B00DJ2KYQQ+AHw-fatto+AHw-+AHw-+AHw-+AHw-+AHw-+AHw-+AHw-+AHw-+AHw-
Elisa Piccicuto+AHw-PROTOCOLLO MILITARE: DA GRASSO A GROSSO allenandoti in caserma e mangiando in mensa+AHw-/Protocollo+AC0-militare+AC0-allenandoti+AC0-caserma+AC0-mangiando/dp/B09R3DJ97B/ref+AD0-zg+AF8-bs+AF8-g+AF8-508811031+AF8-d+AF8-sccl+AF8-3/258+AC0-5654327+AC0-7340455?psc+AD0-1+AHw-B09R3DJ97B+AHw-0+AHw-+AHw-+AHw-+AHw-+AHw-+AHw-+AHw-+AHw-+AHw-
Anna Foa+AHw-Il suicidio di Israele+AHw-/suicidio+AC0-Israele+AC0-Anna+AC0-Foa/dp/885815553X/ref+AD0-zg+AF8-bs+AF8-g+AF8-508811031+AF8-d+AF8-sccl+AF8-4/258+AC0-5654327+AC0-7340455?psc+AD0-1+AHw-885815553X+AHw-fatto+AHw-+AHw-+AHw-+AHw-+AHw-+AHw-+AHw-+AHw-+AHw-
Sauro Gelichi+AHw-Le isole del rifugio: Venezia prima di Venezia+AHw-/isole+AC0-del+AC0-rifugio+AC0-Venezia+AC0-prima+AC0-ebook/dp/B0CV5YHY7S/ref+AD0-zg+AF8-bs+AF8-g+AF8-508811031+AF8-d+AF8-sccl+AF8-5/258+AC0-5654327+AC0-7340455?psc+AD0-1+AHw-B0CV5YHY7S+AHw-fatto+AHw-+AHw-+AHw-+AHw-+AHw-+AHw-+AHw-+AHw-+AHw-
AA.VV.+AHw-MillenniuM. Il 26 aprile: Ottant'anni fa, il giorno dopo la liberazione: Storie di fascisti impuniti riciclati e in carriera (2025) (Vol. 89)+AHw-/MillenniuM+AC0-aprile+AC0-Ottantanni+AC0-liberazione+AC0-riciclati/dp/B0DZLM7HF6/ref+AD0-zg+AF8-bs+AF8-g+AF8-508811031+AF8-d+AF8-sccl+AF8-6/258+AC0-5654327+AC0-7340455?psc+AD0-1+AHw-B0DZLM7HF6+AHw-fatto+AHw-+AHw-+AHw-+AHw-+AHw-+AHw-+AHw-+AHw-+AHw-
Alessandro Orsini+AHw-Ucraina+AC0-Palestina. Il terrorismo di Stato nelle relazioni internazionali+AHw-/Ucraina+AC0-Palestina+AC0-terrorismo+AC0-Stato+AC0-relazioni+AC0-internazionali/dp/B0CK1D7NYC/ref+AD0-zg+AF8-bs+AF8-g+AF8-508811031+AF8-d+AF8-sccl+AF8-7/258+AC0-5654327+AC0-7340455?psc+AD0-1+AHw-B0CK1D7NYC+AHw-fatto+AHw-+AHw-+AHw-+AHw-+AHw-+AHw-+AHw-+AHw-+AHw-
Alessandro Coccia+AHw-Concorsi Collaboratore a Assistente Amministrativo Aziende Sanitarie Locali (ASL) +AC0- Prova scritta e pratica +AC0- Tracce ufficiali e atti svolti+AHw-/Concorsi+AC0-Collaboratore+AC0-Assistente+AC0-Amministrativo+AC0-Sanitarie/dp/8891437050/ref+AD0-zg+AF8-bs+AF8-g+AF8-508811031+AF8-d+AF8-sccl+AF8-8/258+AC0-5654327+AC0-7340455?psc+AD0-1+AHw-8891437050+AHw-0+AHw-+AHw-+AHw-+AHw-+AHw-+AHw-+AHw-+AHw-+AHw-
Ezio Mauro+AHw-La mummia di Lenin+AHw-/Mummia+AC0-Lenin+AC0-Ezio+AC0-Mauro/dp/880717474X/ref+AD0-zg+AF8-bs+AF8-g+AF8-508811031+AF8-d+AF8-sccl+AF8-9/258+AC0-5654327+AC0-7340455?psc+AD0-1+AHw-880717474X+AHw-0+AHw-+AHw-+AHw-+AHw-+AHw-+AHw-+AHw-+AHw-+AHw-
AA.VV.+AHw-Concorso ATS Ambiti Territoriali Sociali 979 Funzionari Psicologi +//3//f/9- Manuale+AHw-/Concorso+AC0-Territoriali+AC0-Sociali+AC0-Funzionari+AC0-Psicologi/dp/8891442496/ref+AD0-zg+AF8-bs+AF8-g+AF8-508811031+AF8-d+AF8-sccl+AF8-10/258+AC0-5654327+AC0-7340455?psc+AD0-1+AHw-8891442496+AHw-0+AHw-+AHw-+AHw-+AHw-+AHw-+AHw-+AHw-+AHw-+AHw-
AA.VV.+AHw-Concorsi Istruttore Direttivo e Funzionario +AC0- Enti Locali Area amministrativa +AC0- Teoria e Quiz per la prova preselettiva, scritta e orale+AHw-/Concorsi+AC0-Istruttore+AC0-Direttivo+AC0-Funzionario+AC0-amministrativa/dp/8891442399/ref+AD0-zg+AF8-bs+AF8-g+AF8-508811031+AF8-d+AF8-sccl+AF8-11/258+AC0-5654327+AC0-7340455?psc+AD0-1+AHw-8891442399+AHw-0+AHw-+AHw-+AHw-+AHw-+AHw-+AHw-+AHw-+AHw-+AHw-
AA.VV.+AHw-Concorso Agenzia delle Entrate +AC0- 350 Funzionari Giuridico Tributari +AC0- Fiscalit+//3//Q- internazionale +AC0- Manuale completo per la preparazione alla prova scritta unica+AHw-/Concorso+AC0-Agenzia+AC0-delle+AC0-Entrate+AC0-internazionale/dp/8891442674/ref+AD0-zg+AF8-bs+AF8-g+AF8-508811031+AF8-d+AF8-sccl+AF8-12/258+AC0-5654327+AC0-7340455?psc+AD0-1+AHw-8891442674+AHw-0+AHw-+AHw-+AHw-+AHw-+AHw-+AHw-+AHw-+AHw-+AHw-
Simone Pieranni+AHw-2100. Come sar+//3//Q- l'Asia, come saremo noi+AHw-/2100+AC0-lAsia+AC0-scritto+AC0-nostro+AC0-futuro/dp/8804784474/ref+AD0-zg+AF8-bs+AF8-g+AF8-508811031+AF8-d+AF8-sccl+AF8-13/258+AC0-5654327+AC0-7340455?psc+AD0-1+AHw-8804784474+AHw-fatto+AHw-+AHw-+AHw-+AHw-+AHw-+AHw-+AHw-+AHw-+AHw-
Aldo Cazzullo+AHw-Mussolini il capobanda. Perch+//3//Q- dovremmo vergognarci del fascismo+AHw-/Mussolini+AC0-capobanda+AC0-dovremmo+AC0-vergognarci+AC0-fascismo/dp/8804751169/ref+AD0-zg+AF8-bs+AF8-g+AF8-508811031+AF8-d+AF8-sccl+AF8-14/258+AC0-5654327+AC0-7340455?psc+AD0-1+AHw-8804751169+AHw-265+AHw-+AHw-+AHw-+AHw-+AHw-+AHw-+AHw-+AHw-+AHw-
Alessandro Colombo+AHw-Il suicidio della pace. Perch+//3//Q- l'ordine internazionale liberale ha fallito (1989+AC0-2024)+AHw-/suicidio+AC0-lordine+AC0-internazionale+AC0-liberale+AC0-1989+AC0-2024/dp/8832857235/ref+AD0-zg+AF8-bs+AF8-g+AF8-508811031+AF8-d+AF8-sccl+AF8-15/258+AC0-5654327+AC0-7340455?psc+AD0-1+AHw-8832857235+AHw-fatto+AHw-+AHw-+AHw-+AHw-+AHw-+AHw-+AHw-+AHw-+AHw-
AA.VV.+AHw-Limes. Rivista italiana di geopolitica. America contro Europa (2025) (Vol. 3)+AHw-/Limes+AC0-Rivista+AC0-italiana+AC0-geopolitica+AC0-America/dp/8836152767/ref+AD0-zg+AF8-bs+AF8-g+AF8-508811031+AF8-d+AF8-sccl+AF8-16/258+AC0-5654327+AC0-7340455?psc+AD0-1+AHw-8836152767+AHw-fatto+AHw-+AHw-+AHw-+AHw-+AHw-+AHw-+AHw-+AHw-+AHw-
Federico Rampini+AHw-Grazie, Occidente+ACE- Tutto il bene che abbiamo fatto+AHw-/Grazie+AC0-Occidente+AC0-Tutto+AC0-abbiamo+AC0-fatto/dp/8804776455/ref+AD0-zg+AF8-bs+AF8-g+AF8-508811031+AF8-d+AF8-sccl+AF8-17/258+AC0-5654327+AC0-7340455?psc+AD0-1+AHw-8804776455+AHw-fatto+AHw-+AHw-+AHw-+AHw-+AHw-+AHw-+AHw-+AHw-+AHw-
Antony Loewenstein+AHw-Laboratorio Palestina. Come Israele esporta la tecnologia dell'occupazione in tutto il mondo+AHw-/Laboratorio+AC0-Palestina+AC0-Israele+AC0-tecnologia+AC0-delloccupazione/dp/B0CPHJMPJH/ref+AD0-zg+AF8-bs+AF8-g+AF8-508811031+AF8-d+AF8-sccl+AF8-18/258+AC0-5654327+AC0-7340455?psc+AD0-1+AHw-B0CPHJMPJH+AHw-fatto+AHw-+AHw-+AHw-+AHw-+AHw-+AHw-+AHw-+AHw-+AHw-
Carlo Greppi+AHw-Figlia mia. Vita di Franca Jarach, desaparecida+AHw-/Figlia+AC0-mia+AC0-Franca+AC0-Jarach+AC0-desaparecida/dp/8858154096/ref+AD0-zg+AF8-bs+AF8-g+AF8-508811031+AF8-d+AF8-sccl+AF8-19/258+AC0-5654327+AC0-7340455?psc+AD0-1+AHw-8858154096+AHw-fatto+AHw-+AHw-+AHw-+AHw-+AHw-+AHw-+AHw-+AHw-+AHw-
Liliana Segre+AHw-Non posso e non voglio tacere. Riflessioni di una donna di pace+AHw-/posso+AC0-voglio+AC0-tacere+AC0-Riflessioni+AC0-donna/dp/8828216735/ref+AD0-zg+AF8-bs+AF8-g+AF8-508811031+AF8-d+AF8-sccl+AF8-20/258+AC0-5654327+AC0-7340455?psc+AD0-1+AHw-8828216735+AHw-0+AHw-+AHw-+AHw-+AHw-+AHw-+AHw-+AHw-+AHw-+AHw-
AA.VV.+AHw-Concorsi Impiegato Comunale +AC0- Manuale completo per i concorsi nel Comune+AHw-/Concorsi+AC0-Impiegato+AC0-Comunale+AC0-completo+AC0-concorsi/dp/8891440841/ref+AD0-zg+AF8-bs+AF8-g+AF8-508811031+AF8-d+AF8-sccl+AF8-21/258+AC0-5654327+AC0-7340455?psc+AD0-1+AHw-8891440841+AHw-0+AHw-+AHw-+AHw-+AHw-+AHw-+AHw-+AHw-+AHw-+AHw-
Nicol+//3//Q- Agresta+AHw-Ubi Dolor, Ibi Vigiles+AHw-/Ubi+AC0-Dolor+AC0-Vigiles+AC0-Nicol+ACU-C3+ACU-B2+AC0-Agresta/dp/B0F4RLHT8T/ref+AD0-zg+AF8-bs+AF8-g+AF8-508811031+AF8-d+AF8-sccl+AF8-22/258+AC0-5654327+AC0-7340455?psc+AD0-1+AHw-B0F4RLHT8T+AHw-fatto+AHw-+AHw-+AHw-+AHw-+AHw-+AHw-+AHw-+AHw-+AHw-
Sam Kean+AHw-La brigata dei bastardi. La vera storia degli scienziati e delle spie che sabotarono la bomba atomica nazista+AHw-/brigata+AC0-bastardi+AC0-scienziati+AC0-sabotarono+AC0-atomica/dp/8845938484/ref+AD0-zg+AF8-bs+AF8-g+AF8-508811031+AF8-d+AF8-sccl+AF8-23/258+AC0-5654327+AC0-7340455?psc+AD0-1+AHw-8845938484+AHw-fatto+AHw-+AHw-+AHw-+AHw-+AHw-+AHw-+AHw-+AHw-+AHw-
Tzu Sun+AHw-L'arte della guerra. Ediz. integrale+AHw-/Larte+AC0-della+AC0-guerra+AC0-Ediz+AC0-integrale/dp/8863114161/ref+AD0-zg+AF8-bs+AF8-g+AF8-508811031+AF8-d+AF8-sccl+AF8-24/258+AC0-5654327+AC0-7340455?psc+AD0-1+AHw-8863114161+AHw-fatto+AHw-+AHw-+AHw-+AHw-+AHw-+AHw-+AHw-+AHw-+AHw-
Ray Dalio+AHw-I principi per affrontare il nuovo ordine mondiale. Dal trionfo alla caduta delle nazioni+AHw-/mutevole+AC0-ordine+AC0-successi+AC0-fallimenti+AC0-nazioni/dp/8836000185/ref+AD0-zg+AF8-bs+AF8-g+AF8-508811031+AF8-d+AF8-sccl+AF8-25/258+AC0-5654327+AC0-7340455?psc+AD0-1+AHw-8836000185+AHw-fatto+AHw-+AHw-+AHw-+AHw-+AHw-+AHw-+AHw-+AHw-+AHw-
AA.VV.+AHw-Concorso Inps 2024 +AC0- 1069 Posti Professionisti medici +//3//f/9- Manuale per la preparazione +AC0- Teoria e quiz+AHw-/Concorso+AC0-Inps+AC0-2024+AC0-Professionisti+AC0-preparazione/dp/8891441406/ref+AD0-zg+AF8-bs+AF8-g+AF8-508811031+AF8-d+AF8-sccl+AF8-26/258+AC0-5654327+AC0-7340455?psc+AD0-1+AHw-8891441406+AHw-0+AHw-+AHw-+AHw-+AHw-+AHw-+AHw-+AHw-+AHw-+AHw-
PIERFRANCESCO MICHELI+AHw-CONTABILIT+//3//Q- AZIENDALE E BILANCIO PER PRINCIPIANTI: IL MANUALE PRATICO DEFINITIVO: Partita Doppia, Analisi di Bilancio, Controllo e Gestione Finanziaria Spiegati passo dopo passo+AHw-/CONTABILIT+ACU-C3+ACU-80+AC0-AZIENDALE+AC0-BILANCIO+AC0-PRINCIPIANTI+AC0-Finanziaria/dp/B0DS963HW9/ref+AD0-zg+AF8-bs+AF8-g+AF8-508811031+AF8-d+AF8-sccl+AF8-28/258+AC0-5654327+AC0-7340455?psc+AD0-1+AHw-B0DS963HW9+AHw-0+AHw-+AHw-+AHw-+AHw-+AHw-+AHw-+AHw-+AHw-+AHw-
Paolo Rumor+AHw-L'altra Europa. Miti, congiure ed enigmi all'ombra dell'unificazione europea. Nuova ediz.: 1+AHw-/Europa+AC0-congiure+AC0-allombra+AC0-dellunificazione+AC0-europea/dp/8893780712/ref+AD0-zg+AF8-bs+AF8-g+AF8-508811031+AF8-d+AF8-sccl+AF8-29/258+AC0-5654327+AC0-7340455?psc+AD0-1+AHw-8893780712+AHw-fatto+AHw-+AHw-+AHw-+AHw-+AHw-+AHw-+AHw-+AHw-+AHw-
Francesco Battistini+AHw-Maledetta Sarajevo: Viaggio nella guerra dei trent'anni. Il Vietnam d'Europa+AHw-/Maledetta+AC0-Sarajevo+AC0-Viaggio+AC0-trentanni+AC0-Vietnam+AC0-ebook/dp/B09R967KKQ/ref+AD0-zg+AF8-bs+AF8-g+AF8-508811031+AF8-d+AF8-sccl+AF8-30/258+AC0-5654327+AC0-7340455?psc+AD0-1+AHw-B09R967KKQ+AHw-fatto+AHw-+AHw-+AHw-+AHw-+AHw-+AHw-+AHw-+AHw-+AHw-
Claudio Pavone+AHw-Una guerra civile. Saggio storico sulla moralit+//3//Q- nella Resistenza: Saggio storico sulla moralit+//3//Q- nella Resistenza (2 vol.)+AHw-/guerra+AC0-civile+AC0-storico+AC0-moralit+ACU-C3+ACU-A0+AC0-Resistenza/dp/8833916766/ref+AD0-zg+AF8-bs+AF8-g+AF8-508811031+AF8-d+AF8-sccl+AF8-81/258+AC0-5654327+AC0-7340455?psc+AD0-1+AHw-8833916766+AHw-fatto+AHw-+AHw-+AHw-+AHw-+AHw-+AHw-+AHw-+AHw-+AHw-
Elena Kostioukovitch+AHw-Kyiv. Una fortezza sopra l'abisso+AHw-/Kyiv+AC0-Una+AC0-fortezza+AC0-sopra+AC0-labisso/dp/8834619994/ref+AD0-zg+AF8-bs+AF8-g+AF8-508811031+AF8-d+AF8-sccl+AF8-82/258+AC0-5654327+AC0-7340455?psc+AD0-1+AHw-8834619994+AHw-fatto+AHw-+AHw-+AHw-+AHw-+AHw-+AHw-+AHw-+AHw-+AHw-
Tzu Sun+AHw-L'arte della guerra+AHw-/Larte+AC0-della+AC0-guerra+AC0-Tzu+AC0-Sun/dp/8804703660/ref+AD0-zg+AF8-bs+AF8-g+AF8-508811031+AF8-d+AF8-sccl+AF8-83/258+AC0-5654327+AC0-7340455?psc+AD0-1+AHw-8804703660+AHw-DA FARE+AHw-+AHw-+AHw-+AHw-+AHw-+AHw-+AHw-+AHw-+AHw-
Roberto Saviano+AHw-Gomorra. Viaggio nell'impero economico e nel sogno di dominio della camorra, Roughtcut Edition+AHw-/Gomorra+AC0-Viaggio+AC0-nellimpero+AC0-economico+AC0-Roughtcut/dp/8804665289/ref+AD0-zg+AF8-bs+AF8-g+AF8-508811031+AF8-d+AF8-sccl+AF8-84/258+AC0-5654327+AC0-7340455?psc+AD0-1+AHw-8804665289+AHw-184+AHw-5  stelle+AHw-+AHw-+AHw-+AHw-+AHw-+AHw-+AHw-+AHw-
Ilan Papp+//3//Q-+AHw-Brevissima storia del conflitto tra Israele e Palestina. Dal 1882 a oggi+AHw-/Brevissima+AC0-storia+AC0-conflitto+AC0-Israele+AC0-Palestina/dp/B0D5T7WZPK/ref+AD0-zg+AF8-bs+AF8-g+AF8-508811031+AF8-d+AF8-sccl+AF8-85/258+AC0-5654327+AC0-7340455?psc+AD0-1+AHw-B0D5T7WZPK+AHw-fatto+AHw-+AHw-+AHw-+AHw-+AHw-+AHw-+AHw-+AHw-+AHw-
George Orwell+AHw-Animal Farm by George Orwell. English Edition: A special edition hardcover embossed with silver foil+AHw-/Animal+AC0-Farm+AC0-George+AC0-Orwell+AC0-English/dp/3730615874/ref+AD0-zg+AF8-bs+AF8-g+AF8-508811031+AF8-d+AF8-sccl+AF8-86/258+AC0-5654327+AC0-7340455?psc+AD0-1+AHw-3730615874+AHw-fatto+AHw-+AHw-+AHw-+AHw-+AHw-+AHw-+AHw-+AHw-+AHw-
Virginio Colmegna+AHw-La Costituzione dei poveri+AHw-/costituzione+AC0-dei+AC0-poveri+AC0-Virginio+AC0-Colmegna/dp/B0DBXHN9JV/ref+AD0-zg+AF8-bs+AF8-g+AF8-508811031+AF8-d+AF8-sccl+AF8-87/258+AC0-5654327+AC0-7340455?psc+AD0-1+AHw-B0DBXHN9JV+AHw-0+AHw-+AHw-+AHw-+AHw-+AHw-+AHw-+AHw-+AHw-+AHw-
Svetlana Aleksievic+AHw-Una battaglia persa+AHw-/Una+AC0-battaglia+AC0-persa+AC0-Svetlana+AC0-Aleksievic/dp/8845937216/ref+AD0-zg+AF8-bs+AF8-g+AF8-508811031+AF8-d+AF8-sccl+AF8-88/258+AC0-5654327+AC0-7340455?psc+AD0-1+AHw-8845937216+AHw-fatto+AHw-+AHw-+AHw-+AHw-+AHw-+AHw-+AHw-+AHw-+AHw-
AA.VV.+AHw-Concorsi Istruttore e Istruttore Direttivo Contabile +AC0- Area economico+AC0-finanziaria Enti Locali +AC0- Area Istruttori e Area Funzionari e dell'Elevata qualificazione +AC0- Manuale+AHw-/Concorsi+AC0-Istruttore+AC0-Direttivo+AC0-Contabile+AC0-economico+AC0-finanziaria/dp/8891442542/ref+AD0-zg+AF8-bs+AF8-g+AF8-508811031+AF8-d+AF8-sccl+AF8-89/258+AC0-5654327+AC0-7340455?psc+AD0-1+AHw-8891442542+AHw-fatto+AHw-+AHw-+AHw-+AHw-+AHw-+AHw-+AHw-+AHw-+AHw-
Musashi+AHw-Il libro dei cinque anelli+AHw-/libro+AC0-dei+AC0-cinque+AC0-anelli/dp/8807894408/ref+AD0-zg+AF8-bs+AF8-g+AF8-508811031+AF8-d+AF8-sccl+AF8-90/258+AC0-5654327+AC0-7340455?psc+AD0-1+AHw-8807894408+AHw-fatto+AHw-+AHw-+AHw-+AHw-+AHw-+AHw-+AHw-+AHw-+AHw-
Edward L. Bernays+AHw-Propaganda. Come manipolare l'opinione pubblica+AHw-/Propaganda+AC0-Come+AC0-manipolare+AC0-lopinione+AC0-pubblica/dp/8897109853/ref+AD0-zg+AF8-bs+AF8-g+AF8-508811031+AF8-d+AF8-sccl+AF8-91/258+AC0-5654327+AC0-7340455?psc+AD0-1+AHw-8897109853+AHw-fatto+AHw-+AHw-+AHw-+AHw-+AHw-+AHw-+AHw-+AHw-+AHw-
Maurizio Gibo Gibertini+AHw-Non mi sono fatto niente+AHw-/Non+AC0-mi+AC0-sono+AC0-fatto+AC0-niente/dp/B0DJDVKV6G/ref+AD0-zg+AF8-bs+AF8-g+AF8-508811031+AF8-d+AF8-sccl+AF8-92/258+AC0-5654327+AC0-7340455?psc+AD0-1+AHw-B0DJDVKV6G+AHw-fatto+AHw-+AHw-+AHw-+AHw-+AHw-+AHw-+AHw-+AHw-+AHw-
Gianni Oliva+AHw-45 milioni di antifascisti. Il voltafaccia di una nazione che non ha fatto i conti con il Ventennio+AHw-/milioni+AC0-antifascisti+AC0-voltafaccia+AC0-nazione+AC0-Ventennio/dp/8804784601/ref+AD0-zg+AF8-bs+AF8-g+AF8-508811031+AF8-d+AF8-sccl+AF8-93/258+AC0-5654327+AC0-7340455?psc+AD0-1+AHw-8804784601+AHw-fatto+AHw-+AHw-+AHw-+AHw-+AHw-+AHw-+AHw-+AHw-+AHw-
Dario Fabbri+AHw-Atlante storico. Dal Novecento ai giorni nostri+AHw-/Atlante+AC0-storico+AC0-Novecento+AC0-giorni+AC0-nostri/dp/8858051793/ref+AD0-zg+AF8-bs+AF8-g+AF8-508811031+AF8-d+AF8-sccl+AF8-94/258+AC0-5654327+AC0-7340455?psc+AD0-1+AHw-8858051793+AHw-fatto+AHw-+AHw-+AHw-+AHw-+AHw-+AHw-+AHw-+AHw-+AHw-
Arturo Marzano+AHw-Questa terra +//3//Q- nostra da sempre. Israele e Palestina+AHw-/Questa+AC0-nostra+AC0-sempre+AC0-Israele+AC0-Palestina/dp/8858154541/ref+AD0-zg+AF8-bs+AF8-g+AF8-508811031+AF8-d+AF8-sccl+AF8-95/258+AC0-5654327+AC0-7340455?psc+AD0-1+AHw-8858154541+AHw-fatto+AHw-+AHw-+AHw-+AHw-+AHw-+AHw-+AHw-+AHw-+AHw-
Francesco Clementi+AHw-Citt+//3//Q- del Vaticano+AHw-/Citt+ACU-C3+ACU-A0+AC0-del+AC0-Vaticano+AC0-Francesco+AC0-Clementi/dp/8815284842/ref+AD0-zg+AF8-bs+AF8-g+AF8-508811031+AF8-d+AF8-sccl+AF8-96/258+AC0-5654327+AC0-7340455?psc+AD0-1+AHw-8815284842+AHw-fatto+AHw-+AHw-+AHw-+AHw-+AHw-+AHw-+AHw-+AHw-+AHw-
Noam Chomsky+AHw-L'impero colpisce ancora+AHw-/Limpero+AC0-colpisce+AC0-ancora+AC0-Noam+AC0-Chomsky/dp/B0D7KC8WJ4/ref+AD0-zg+AF8-bs+AF8-g+AF8-508811031+AF8-d+AF8-sccl+AF8-97/258+AC0-5654327+AC0-7340455?psc+AD0-1+AHw-B0D7KC8WJ4+AHw-fatto+AHw-+AHw-+AHw-+AHw-+AHw-+AHw-+AHw-+AHw-+AHw-
AA. VV.+AHw-Manuale concorso ATS, Ambiti Territoriali Sociali, per 1251 posti da Funzionari Educatori. Teoria e quiz. Con espansione online+AHw-/concorso+AC0-Territoriali+AC0-Funzionari+AC0-Educatori+AC0-espansione/dp/B0F44H2B3R/ref+AD0-zg+AF8-bs+AF8-g+AF8-508811031+AF8-d+AF8-sccl+AF8-98/258+AC0-5654327+AC0-7340455?psc+AD0-1+AHw-B0F44H2B3R+AHw-0+AHw-+AHw-+AHw-+AHw-+AHw-+AHw-+AHw-+AHw-+AHw-
Pierpaolo Farina+AHw-Per Enrico, per Esempio. L'eredit+//3//Q- politica di Enrico Berlinguer+AHw-/Enrico+AC0-Esempio+AC0-Leredit+ACU-C3+ACU-A0+AC0-politica+AC0-Berlinguer/dp/B0D5SQY21Q/ref+AD0-zg+AF8-bs+AF8-g+AF8-508811031+AF8-d+AF8-sccl+AF8-99/258+AC0-5654327+AC0-7340455?psc+AD0-1+AHw-B0D5SQY21Q+AHw-fatto+AHw-+AHw-+AHw-+AHw-+AHw-+AHw-+AHw-+AHw-+AHw-
Benedetta Tobagi+AHw-La Resistenza delle donne+AHw-/Resistenza+AC0-delle+AC0-donne+AC0-Benedetta+AC0-Tobagi/dp/8806253662/ref+AD0-zg+AF8-bs+AF8-g+AF8-508811031+AF8-d+AF8-sccl+AF8-100/258+AC0-5654327+AC0-7340455?psc+AD0-1+AHw-8806253662+AHw-fatto+AHw-+AHw-+AHw-+AHw-+AHw-+AHw-+AHw-+AHw-+AHw-
